<?xml version="1.0" encoding="utf-8"?> 
<extension type="component" version="3.2.0" method="upgrade">
    <name>sistemas ans</name>
    <creationDate>march 2021</creationDate>
    <author>bruno marins</author>
    <authorEmail>bruno.marins@ans.gov.br</authorEmail>
    <authorUrl>http://www.ans.gov.br</authorUrl>
    <copyright>Copyright Info</copyright>
    <license>License Info</license>
    <version>0.0.8</version>
    <description>componente para cadastramento de ocorrências no sistema ANS</description>

    <install>
        <sql>
            <file driver="mysql" charset="utf8">sql/install.mysql.utf8.sql</file>
        </sql>
    </install>
    <uninstall>
        <sql>
            <file driver="mysql" charset="utf8">sql/uninstall.mysql.utf8.sql</file>
        </sql>
    </uninstall>
    <update> 
        <schemas>
            <schemapath type="mysql">sql/updates/mysql</schemapath>
        </schemas>
    </update>

    <files folder="site">
		<filename>index.html</filename>
        <filename>controller.php</filename>
        <filename>sistemasans.php</filename>
        <folder>assets</folder>
        <folder>controllers</folder>
        <folder>views</folder>
	</files>


    <administration>
        <menu link='index.php?option=componnet_sistemasans' >Monitoramento de sistemas da Ans</menu>
        <files folder="admin">
            <!-- Admin Main File Copy Section -->
            <filename>index.html</filename>
            <filename>controller.php</filename>
            <filename>sistemasans.php</filename>
            <folder>assets</folder>
            <folder>controllers</folder>
            <folder>helpers</folder>
            <folder>sql</folder>
            <folder>models</folder>
            <folder>tables</folder>
            <folder>views</folder>            
        </files>
    </administration>
</extension>
